model,accuracy,balanced_accuracy,macro_f1
Compact 1D CNN,0.7540015586595528,0.7570210219244837,0.7041894860091757
Random Forest,0.7691385408548648,0.6696270538365767,0.6740891661491754
